{
  "condition": "fixed",
  "env_steps": [
    5008,
    10000,
    15008,
    20000,
    25008,
    30000,
    35008,
    40000,
    45008,
    50000,
    55008,
    60000,
    65008,
    70000,
    75008,
    80000,
    85008,
    90000,
    95008,
    100000,
    105008,
    110000,
    115008,
    120000,
    125008,
    130000,
    135008,
    140000,
    145008,
    150000,
    155008,
    160000,
    165008,
    170000,
    175008,
    180000,
    185008,
    190000,
    195008,
    200000,
    205008,
    210000,
    215008,
    220000,
    225008,
    230000,
    235008,
    240000,
    245008,
    250000,
    255008,
    260000,
    265008,
    270000,
    275008,
    280000,
    285008,
    290000,
    295008,
    300000,
    305008,
    310000,
    315008,
    320000,
    325008,
    330000,
    335008,
    340000,
    345008,
    350000,
    355008,
    360000,
    365008,
    370000,
    375008,
    380000,
    385008,
    390000,
    395008,
    400000
  ],
  "success_rate": [
    0.02,
    0.0,
    0.04,
    0.0,
    0.0,
    0.0,
    0.0,
    0.0,
    0.0,
    0.0,
    0.0,
    0.0,
    0.06,
    0.0,
    0.0,
    0.02,
    0.04,
    0.02,
    0.06,
    0.02,
    0.0,
    0.02,
    0.02,
    0.04,
    0.06,
    0.04,
    0.22,
    0.04,
    0.18,
    0.16,
    0.08,
    0.2,
    0.24,
    0.24,
    0.2,
    0.36,
    0.3,
    0.38,
    0.4,
    0.26,
    0.3,
    0.38,
    0.36,
    0.42,
    0.4,
    0.36,
    0.4,
    0.26,
    0.38,
    0.52,
    0.3,
    0.3,
    0.52,
    0.4,
    0.26,
    0.44,
    0.52,
    0.56,
    0.3,
    0.32,
    0.44,
    0.46,
    0.38,
    0.46,
    0.46,
    0.44,
    0.44,
    0.46,
    0.4,
    0.42,
    0.52,
    0.4,
    0.46,
    0.54,
    0.52,
    0.62,
    0.54,
    0.5,
    0.52,
    0.5
  ],
  "ssl_loss_ewa": [
    3.398204869394873,
    0.2302161694600362,
    0.2302161694600362,
    0.2302161694600362,
    0.07992396488344199,
    0.07992396488344199,
    0.07992396488344199,
    0.07992396488344199,
    0.07992396488344199,
    0.07992396488344199,
    0.07992396488344199,
    0.07992396488344199,
    0.07992396488344199,
    0.07992396488344199,
    0.07992396488344199,
    0.07992396488344199,
    0.07992396488344199,
    0.07992396488344199,
    0.07992396488344199,
    0.07992396488344199,
    0.07992396488344199,
    0.07992396488344199,
    0.07992396488344199,
    0.07992396488344199,
    0.07992396488344199,
    0.07992396488344199,
    0.07992396488344199,
    0.07992396488344199,
    0.07992396488344199,
    0.07992396488344199,
    0.07992396488344199,
    0.07992396488344199,
    0.07992396488344199,
    0.07992396488344199,
    0.07992396488344199,
    0.07992396488344199,
    0.07992396488344199,
    0.07992396488344199,
    0.07992396488344199,
    0.07992396488344199,
    0.07992396488344199,
    0.07992396488344199,
    0.07992396488344199,
    0.07992396488344199,
    0.07992396488344199,
    0.07992396488344199,
    0.07992396488344199,
    0.07992396488344199,
    0.07992396488344199,
    0.07992396488344199,
    0.07992396488344199,
    0.07992396488344199,
    0.07992396488344199,
    0.07992396488344199,
    0.07992396488344199,
    0.07992396488344199,
    0.07992396488344199,
    0.07992396488344199,
    0.07992396488344199,
    0.07992396488344199,
    0.07992396488344199,
    0.07992396488344199,
    0.07992396488344199,
    0.07992396488344199,
    0.07992396488344199,
    0.07992396488344199,
    0.07992396488344199,
    0.07992396488344199,
    0.07992396488344199,
    0.07992396488344199,
    0.07992396488344199,
    0.07992396488344199,
    0.07992396488344199,
    0.07992396488344199,
    0.07992396488344199,
    0.07992396488344199,
    0.07992396488344199,
    0.07992396488344199,
    0.07992396488344199,
    0.07992396488344199
  ],
  "mode": [
    "OBSERVE",
    "OBSERVE",
    "ACT",
    "ACT",
    "ACT(frozen)",
    "ACT(frozen)",
    "ACT(frozen)",
    "ACT(frozen)",
    "ACT(frozen)",
    "ACT(frozen)",
    "ACT(frozen)",
    "ACT(frozen)",
    "ACT(frozen)",
    "ACT(frozen)",
    "ACT(frozen)",
    "ACT(frozen)",
    "ACT(frozen)",
    "ACT(frozen)",
    "ACT(frozen)",
    "ACT(frozen)",
    "ACT(frozen)",
    "ACT(frozen)",
    "ACT(frozen)",
    "ACT(frozen)",
    "ACT(frozen)",
    "ACT(frozen)",
    "ACT(frozen)",
    "ACT(frozen)",
    "ACT(frozen)",
    "ACT(frozen)",
    "ACT(frozen)",
    "ACT(frozen)",
    "ACT(frozen)",
    "ACT(frozen)",
    "ACT(frozen)",
    "ACT(frozen)",
    "ACT(frozen)",
    "ACT(frozen)",
    "ACT(frozen)",
    "ACT(frozen)",
    "ACT(frozen)",
    "ACT(frozen)",
    "ACT(frozen)",
    "ACT(frozen)",
    "ACT(frozen)",
    "ACT(frozen)",
    "ACT(frozen)",
    "ACT(frozen)",
    "ACT(frozen)",
    "ACT(frozen)",
    "ACT(frozen)",
    "ACT(frozen)",
    "ACT(frozen)",
    "ACT(frozen)",
    "ACT(frozen)",
    "ACT(frozen)",
    "ACT(frozen)",
    "ACT(frozen)",
    "ACT(frozen)",
    "ACT(frozen)",
    "ACT(frozen)",
    "ACT(frozen)",
    "ACT(frozen)",
    "ACT(frozen)",
    "ACT(frozen)",
    "ACT(frozen)",
    "ACT(frozen)",
    "ACT(frozen)",
    "ACT(frozen)",
    "ACT(frozen)",
    "ACT(frozen)",
    "ACT(frozen)",
    "ACT(frozen)",
    "ACT(frozen)",
    "ACT(frozen)",
    "ACT(frozen)",
    "ACT(frozen)",
    "ACT(frozen)",
    "ACT(frozen)",
    "ACT(frozen)"
  ],
  "wall_time_s": [
    104.0729169845581,
    210.42009329795837,
    236.64755249023438,
    263.37333583831787,
    355.07341861724854,
    381.9213683605194,
    408.80595993995667,
    435.5212059020996,
    462.51790952682495,
    489.46906876564026,
    516.5214416980743,
    543.3647263050079,
    569.936760187149,
    597.0096409320831,
    623.8870537281036,
    650.706351518631,
    677.3709881305695,
    704.1075582504272,
    730.8758778572083,
    757.8351619243622,
    784.8778853416443,
    811.5228066444397,
    838.2898483276367,
    865.0478253364563,
    892.0370802879333,
    918.782547712326,
    943.2741026878357,
    969.9663677215576,
    995.1442728042603,
    1020.1736917495728,
    1046.2283380031586,
    1071.2608635425568,
    1095.4080729484558,
    1119.5681884288788,
    1144.1009924411774,
    1166.2176649570465,
    1188.588381767273,
    1210.1530520915985,
    1231.3358385562897,
    1254.8171672821045,
    1277.5835394859314,
    1298.842999458313,
    1320.606843471527,
    1341.09166264534,
    1362.7402935028076,
    1384.3244819641113,
    1405.7504136562347,
    1429.2415754795074,
    1451.52392411232,
    1471.1730031967163,
    1494.2416563034058,
    1517.669762134552,
    1537.385116815567,
    1559.0959978103638,
    1582.6267778873444,
    1603.5290458202362,
    1622.0480563640594,
    1640.25346159935,
    1662.7268285751343,
    1684.4946992397308,
    1704.8976426124573,
    1725.0547144412994,
    1746.0694873332977,
    1766.2854828834534,
    1786.8456299304962,
    1807.2282898426056,
    1827.809842824936,
    1848.2262787818909,
    1869.5342123508453,
    1890.6231935024261,
    1911.1470277309418,
    1933.4480571746826,
    1953.7757012844086,
    1973.3481080532074,
    1993.4029474258423,
    2011.449568271637,
    2029.8980939388275,
    2049.946593284607,
    2069.4388678073883,
    2089.4618706703186
  ],
  "steps_to_80pct": null,
  "n_switches": 2,
  "switch_log": [
    {
      "env_step": 10000,
      "from": "OBSERVE",
      "to": "ACT"
    },
    {
      "env_step": 20000,
      "from": "ACT",
      "to": "OBSERVE"
    }
  ],
  "total_time_s": 2089.5349147319794
}