{
  "condition": "autonomous",
  "env_steps": [
    5008,
    10000,
    15008,
    20000,
    25008,
    30000,
    35008,
    40000,
    45008,
    50000,
    55008,
    60000,
    65008,
    70000,
    75008,
    80000,
    85008,
    90000,
    95008,
    100000,
    105008,
    110000,
    115008,
    120000,
    125008,
    130000,
    135008,
    140000,
    145008,
    150000,
    155008,
    160000,
    165008,
    170000,
    175008,
    180000,
    185008,
    190000,
    195008,
    200000,
    205008,
    210000,
    215008,
    220000,
    225008,
    230000,
    235008,
    240000,
    245008,
    250000,
    255008,
    260000,
    265008,
    270000,
    275008,
    280000,
    285008,
    290000,
    295008,
    300000,
    305008,
    310000,
    315008,
    320000,
    325008,
    330000,
    335008,
    340000,
    345008,
    350000,
    355008,
    360000,
    365008,
    370000,
    375008,
    380000,
    385008,
    390000,
    395008,
    400000
  ],
  "success_rate": [
    0.0,
    0.0,
    0.0,
    0.0,
    0.0,
    0.0,
    0.0,
    0.0,
    0.0,
    0.0,
    0.02,
    0.0,
    0.0,
    0.02,
    0.0,
    0.04,
    0.06,
    0.1,
    0.04,
    0.06,
    0.02,
    0.04,
    0.12,
    0.18,
    0.12,
    0.26,
    0.22,
    0.26,
    0.14,
    0.22,
    0.2,
    0.3,
    0.3,
    0.28,
    0.32,
    0.26,
    0.32,
    0.46,
    0.42,
    0.36,
    0.28,
    0.36,
    0.4,
    0.38,
    0.44,
    0.56,
    0.5,
    0.44,
    0.46,
    0.54,
    0.42,
    0.48,
    0.42,
    0.4,
    0.42,
    0.62,
    0.58,
    0.64,
    0.54,
    0.52,
    0.48,
    0.54,
    0.52,
    0.66,
    0.68,
    0.68,
    0.68,
    0.64,
    0.46,
    0.7,
    0.58,
    0.56,
    0.6,
    0.56,
    0.56,
    0.62,
    0.68,
    0.68,
    0.68,
    0.64
  ],
  "ssl_loss_ewa": [
    1.8427065899411526,
    0.16701945279256478,
    0.07963383587803485,
    0.07963383587803485,
    0.07963383587803485,
    0.07963383587803485,
    0.07963383587803485,
    0.07963383587803485,
    0.07963383587803485,
    0.07963383587803485,
    0.07963383587803485,
    0.07963383587803485,
    0.07963383587803485,
    0.07963383587803485,
    0.07963383587803485,
    0.07963383587803485,
    0.07963383587803485,
    0.07963383587803485,
    0.07963383587803485,
    0.07963383587803485,
    0.07963383587803485,
    0.07963383587803485,
    0.07963383587803485,
    0.07963383587803485,
    0.07963383587803485,
    0.07963383587803485,
    0.07963383587803485,
    0.07963383587803485,
    0.07963383587803485,
    0.07963383587803485,
    0.07963383587803485,
    0.07963383587803485,
    0.07963383587803485,
    0.07963383587803485,
    0.07963383587803485,
    0.07963383587803485,
    0.07963383587803485,
    0.07963383587803485,
    0.07963383587803485,
    0.07963383587803485,
    0.07963383587803485,
    0.07963383587803485,
    0.07963383587803485,
    0.07963383587803485,
    0.07963383587803485,
    0.07963383587803485,
    0.07963383587803485,
    0.07963383587803485,
    0.07963383587803485,
    0.07963383587803485,
    0.07963383587803485,
    0.07963383587803485,
    0.07963383587803485,
    0.07963383587803485,
    0.07963383587803485,
    0.07963383587803485,
    0.07963383587803485,
    0.07963383587803485,
    0.07963383587803485,
    0.07963383587803485,
    0.07963383587803485,
    0.07963383587803485,
    0.07963383587803485,
    0.07963383587803485,
    0.07963383587803485,
    0.07963383587803485,
    0.07963383587803485,
    0.07963383587803485,
    0.07963383587803485,
    0.07963383587803485,
    0.07963383587803485,
    0.07963383587803485,
    0.07963383587803485,
    0.07963383587803485,
    0.07963383587803485,
    0.07963383587803485,
    0.07963383587803485,
    0.07963383587803485,
    0.07963383587803485,
    0.07963383587803485
  ],
  "mode": [
    "OBSERVE",
    "OBSERVE",
    "ACT(frozen)",
    "ACT(frozen)",
    "ACT(frozen)",
    "ACT(frozen)",
    "ACT(frozen)",
    "ACT(frozen)",
    "ACT(frozen)",
    "ACT(frozen)",
    "ACT(frozen)",
    "ACT(frozen)",
    "ACT(frozen)",
    "ACT(frozen)",
    "ACT(frozen)",
    "ACT(frozen)",
    "ACT(frozen)",
    "ACT(frozen)",
    "ACT(frozen)",
    "ACT(frozen)",
    "ACT(frozen)",
    "ACT(frozen)",
    "ACT(frozen)",
    "ACT(frozen)",
    "ACT(frozen)",
    "ACT(frozen)",
    "ACT(frozen)",
    "ACT(frozen)",
    "ACT(frozen)",
    "ACT(frozen)",
    "ACT(frozen)",
    "ACT(frozen)",
    "ACT(frozen)",
    "ACT(frozen)",
    "ACT(frozen)",
    "ACT(frozen)",
    "ACT(frozen)",
    "ACT(frozen)",
    "ACT(frozen)",
    "ACT(frozen)",
    "ACT(frozen)",
    "ACT(frozen)",
    "ACT(frozen)",
    "ACT(frozen)",
    "ACT(frozen)",
    "ACT(frozen)",
    "ACT(frozen)",
    "ACT(frozen)",
    "ACT(frozen)",
    "ACT(frozen)",
    "ACT(frozen)",
    "ACT(frozen)",
    "ACT(frozen)",
    "ACT(frozen)",
    "ACT(frozen)",
    "ACT(frozen)",
    "ACT(frozen)",
    "ACT(frozen)",
    "ACT(frozen)",
    "ACT(frozen)",
    "ACT(frozen)",
    "ACT(frozen)",
    "ACT(frozen)",
    "ACT(frozen)",
    "ACT(frozen)",
    "ACT(frozen)",
    "ACT(frozen)",
    "ACT(frozen)",
    "ACT(frozen)",
    "ACT(frozen)",
    "ACT(frozen)",
    "ACT(frozen)",
    "ACT(frozen)",
    "ACT(frozen)",
    "ACT(frozen)",
    "ACT(frozen)",
    "ACT(frozen)",
    "ACT(frozen)",
    "ACT(frozen)",
    "ACT(frozen)"
  ],
  "wall_time_s": [
    106.32689785957336,
    216.2168254852295,
    291.1761860847473,
    318.0260269641876,
    344.8544592857361,
    371.8466987609863,
    398.6150393486023,
    425.6013460159302,
    452.45265531539917,
    479.4477918148041,
    506.0782301425934,
    533.1349740028381,
    559.8236434459686,
    586.3383662700653,
    613.2179615497589,
    639.3260824680328,
    665.5884971618652,
    691.2197730541229,
    717.7286841869354,
    743.8033320903778,
    770.3739538192749,
    796.9588875770569,
    822.2071602344513,
    847.0797941684723,
    872.4950411319733,
    896.3496539592743,
    920.4715189933777,
    944.9816212654114,
    970.3554759025574,
    995.1518087387085,
    1019.9703598022461,
    1043.2215595245361,
    1067.3122372627258,
    1091.1445832252502,
    1114.1391084194183,
    1138.386334180832,
    1161.776784658432,
    1183.4284901618958,
    1206.3309428691864,
    1229.6301763057709,
    1253.0476851463318,
    1275.8667578697205,
    1297.8510928153992,
    1319.1831228733063,
    1340.4743869304657,
    1359.0638508796692,
    1379.1400225162506,
    1400.9797565937042,
    1421.8471477031708,
    1441.9375648498535,
    1464.3063850402832,
    1485.826345205307,
    1507.3235123157501,
    1529.3113934993744,
    1551.2573716640472,
    1569.4782407283783,
    1588.7593641281128,
    1606.515943288803,
    1627.1293597221375,
    1646.5500009059906,
    1666.1914014816284,
    1686.5492725372314,
    1706.3386189937592,
    1724.3564047813416,
    1741.6870946884155,
    1758.8938958644867,
    1777.1191842556,
    1796.2739448547363,
    1817.1804778575897,
    1833.798080444336,
    1854.397140264511,
    1874.8167819976807,
    1893.1388416290283,
    1912.1192722320557,
    1930.1554231643677,
    1948.6737604141235,
    1965.9769830703735,
    1983.4292223453522,
    2000.3611469268799,
    2018.837862253189
  ],
  "steps_to_80pct": null,
  "n_switches": 0,
  "switch_log": [],
  "total_time_s": 2018.8647346496582
}